25357	1	2025-02-13T16:16Z	CVE-2025-25357	-	https://github.com/Santoshcyber1/CVE-wirteup/blob/main/Phpgurukul/Land%20record/SQL%20Injection%20Emails.pdf
25356	1	2025-02-13T16:16Z	CVE-2025-25356	-	https://github.com/Santoshcyber1/CVE-wirteup/blob/main/Phpgurukul/Land%20record/SQL%20Injection%20tadate.pdf
25355	1	2025-02-13T16:16Z	CVE-2025-25355	-	https://github.com/Santoshcyber1/CVE-wirteup/blob/main/Phpgurukul/Land%20record/SQL%20Injection%20fromdate.pdf
25354	1	2025-02-13T16:16Z	CVE-2025-25354	-	https://github.com/Santoshcyber1/CVE-wirteup/blob/main/Phpgurukul/Land%20record/SQL%20Injection%20contact.pdf
25352	1	2025-02-13T16:16Z	CVE-2025-25352	-	https://github.com/Santoshcyber1/CVE-wirteup/blob/main/Phpgurukul/Land%20record/SQL%20Injection%20About.pdf
25357	2	2025-02-13T16:16Z	CVE-2025-25357	-	https://github.com/Santoshcyber1/CVE-wirteup/blob/main/Phpgurukul/Land%20record/SQL%20Injection%20Emails.pdf
25356	2	2025-02-13T16:16Z	CVE-2025-25356	-	https://github.com/Santoshcyber1/CVE-wirteup/blob/main/Phpgurukul/Land%20record/SQL%20Injection%20tadate.pdf
25355	2	2025-02-13T16:16Z	CVE-2025-25355	-	https://github.com/Santoshcyber1/CVE-wirteup/blob/main/Phpgurukul/Land%20record/SQL%20Injection%20fromdate.pdf
25354	2	2025-02-13T16:16Z	CVE-2025-25354	-	https://github.com/Santoshcyber1/CVE-wirteup/blob/main/Phpgurukul/Land%20record/SQL%20Injection%20contact.pdf
25352	2	2025-02-13T16:16Z	CVE-2025-25352	-	https://github.com/Santoshcyber1/CVE-wirteup/blob/main/Phpgurukul/Land%20record/SQL%20Injection%20About.pdf
25351	1	2025-02-12T16:15Z	CVE-2025-25351	-	https://github.com/vkcyberexpert/CVE-Writeup/blob/main/PHPGurukul/Daily%20Expense%20Tracker%20System/SQL%20Injection%20dateexpense%20daily%20expense.pdf
25349	1	2025-02-12T16:15Z	CVE-2025-25349	-	https://github.com/vkcyberexpert/CVE-Writeup/blob/main/PHPGurukul/Daily%20Expense%20Tracker%20System/SQL%20Injection%20item%20add-expense%20costitem%20parameter.pdf
24958	1	2025-02-03T22:15Z	CVE-2025-24958	-	https://github.com/LabRedesCefetRJ/WeGIA/security/advisories/GHSA-2mhx-5998-46hx
24957	1	2025-02-03T22:15Z	CVE-2025-24957	-	https://github.com/LabRedesCefetRJ/WeGIA/security/advisories/GHSA-x28g-6228-99p9
24906	1	2025-02-03T22:15Z	CVE-2025-24906	-	https://github.com/LabRedesCefetRJ/WeGIA/security/advisories/GHSA-jpph-g9p7-9jrm
24905	1	2025-02-03T22:15Z	CVE-2025-24905	-	https://github.com/LabRedesCefetRJ/WeGIA/security/advisories/GHSA-qjc6-5qv6-fr8m
24902	1	2025-02-03T22:15Z	CVE-2025-24902	-	https://github.com/LabRedesCefetRJ/WeGIA/security/advisories/GHSA-pg73-w9vx-8mgp
24901	1	2025-02-03T22:15Z	CVE-2025-24901	-	https://github.com/LabRedesCefetRJ/WeGIA/security/advisories/GHSA-jp48-94wm-3gmc
0946	1	2025-02-01T16:15Z	CVE-2025-0946	-	https://github.com/magic2353112890/cve/issues/7
0945	1	2025-02-01T15:15Z	CVE-2025-0945	-	https://github.com/magic2353112890/cve/issues/7
0944	1	2025-02-01T13:15Z	CVE-2025-0944	-	https://github.com/magic2353112890/cve/issues/7
0943	1	2025-02-01T11:15Z	CVE-2025-0943	-	https://github.com/magic2353112890/cve/issues/7
0873	1	2025-01-30T17:15Z	CVE-2025-0873	-	https://github.com/magic2353112890/cve/issues/5
0872	1	2025-01-30T16:15Z	CVE-2025-0872	-	https://github.com/magic2353112890/cve/issues/3
0849	1	2025-01-30T02:15Z	CVE-2025-0849	-	https://github.com/KhukuriRimal/Vulnerabilities/blob/main/Sensitive%20Super%20Admin%20Data%20Exposure%20and%20Unauthorized%20Data%20Update%20via%20IDOR%20(Teacher%20Role%20to%20Super%20Admin%20Role).pdf
0847	1	2025-01-30T02:15Z	CVE-2025-0847	-	https://github.com/onupset/CVE/issues/5
0844	1	2025-01-30T00:15Z	CVE-2025-0844	-	https://www.websecurityinsights.my.id/2025/01/library-card-system-stored-cross-site.html?m=1
0843	1	2025-01-29T23:15Z	CVE-2025-0843	-	https://www.websecurityinsights.my.id/2025/01/library-card-system-admin-login-bypass.html?m=1
0806	1	2025-01-29T03:15Z	CVE-2025-0806	-	https://github.com/1337g/CVE-2025-X/blob/main/xss-1_27.md
0803	1	2025-01-29T02:15Z	CVE-2025-0803	-	https://github.com/alc9700jmo/CVE/issues/8
0802	1	2025-01-29T02:15Z	CVE-2025-0802	-	https://github.com/theanm0l/VulnDB/blob/main/Improper%20Authorization.md
0800	1	2025-01-29T02:15Z	CVE-2025-0800	-	https://vuldb.com/?submit.484935
24020	1	2025-01-21T18:15Z	CVE-2025-24020	-	https://github.com/LabRedesCefetRJ/WeGIA/security/advisories/GHSA-27g8-5q48-xmw6
0582	1	2025-01-20T03:15Z	CVE-2025-0582	-	https://github.com/yunhai666/cve/issues/2
0561	1	2025-01-19T00:15Z	CVE-2025-0561	-	https://github.com/yunhai666/cve/issues/1
0540	1	2025-01-17T21:15Z	CVE-2025-0540	-	https://github.com/magic2353112890/cve/issues/1
0464	1	2025-01-14T17:15Z	CVE-2025-0464	-	https://vuldb.com/?submit.474280
23038	1	2025-01-14T01:15Z	CVE-2025-23038	-	https://github.com/LabRedesCefetRJ/WeGIA/security/advisories/GHSA-rp2v-7hpw-m6qc
23035	1	2025-01-14T01:15Z	CVE-2025-23035	-	https://github.com/LabRedesCefetRJ/WeGIA/security/advisories/GHSA-qfmh-qrr2-5c4g
23034	1	2025-01-14T01:15Z	CVE-2025-23034	-	https://github.com/LabRedesCefetRJ/WeGIA/security/advisories/GHSA-v68m-2rvf-8r25
23033	1	2025-01-14T01:15Z	CVE-2025-23033	-	https://github.com/LabRedesCefetRJ/WeGIA/security/advisories/GHSA-r8fq-hqr2-v5j9
23032	1	2025-01-14T01:15Z	CVE-2025-23032	-	https://github.com/LabRedesCefetRJ/WeGIA/security/advisories/GHSA-6mm4-fcfv-55x3
23031	1	2025-01-14T01:15Z	CVE-2025-23031	-	https://github.com/LabRedesCefetRJ/WeGIA/security/advisories/GHSA-wp4f-qhh2-8vfv
23030	1	2025-01-14T01:15Z	CVE-2025-23030	-	https://github.com/LabRedesCefetRJ/WeGIA/security/advisories/GHSA-88c9-gpgh-6vvr
22619	1	2025-01-13T21:15Z	CVE-2025-22619	-	https://github.com/LabRedesCefetRJ/WeGIA/security/advisories/GHSA-jfjj-7rgc-6j2m
22618	1	2025-01-13T21:15Z	CVE-2025-22618	-	https://github.com/LabRedesCefetRJ/WeGIA/security/advisories/GHSA-2775-42rh-535q
22617	1	2025-01-13T21:15Z	CVE-2025-22617	-	https://github.com/LabRedesCefetRJ/WeGIA/security/advisories/GHSA-8cp5-vr69-h8xx
22616	1	2025-01-13T21:15Z	CVE-2025-22616	-	https://github.com/LabRedesCefetRJ/WeGIA/security/advisories/GHSA-xm3h-x3rv-whr5
22615	1	2025-01-13T21:15Z	CVE-2025-22615	-	https://github.com/LabRedesCefetRJ/WeGIA/security/advisories/GHSA-6q73-74pc-p3c8
22614	1	2025-01-13T21:15Z	CVE-2025-22614	-	https://github.com/LabRedesCefetRJ/WeGIA/security/advisories/GHSA-wr55-2952-79rh
23022	1	2025-01-10T15:15Z	CVE-2025-23022	-	https://gitlab.freedesktop.org/freetype/freetype/-/issues/1312
0282	1	2025-01-08T23:15Z	CVE-2025-0282	-	https://cloud.google.com/blog/topics/threat-intelligence/ivanti-connect-secure-vpn-zero-day
22143	1	2025-01-08T20:15Z	CVE-2025-22143	-	https://github.com/LabRedesCefetRJ/WeGIA/security/advisories/GHSA-gxh2-8jxp-m59h
22132	1	2025-01-07T22:15Z	CVE-2025-22132	-	https://github.com/nilsonLazarin/WeGIA/security/advisories/GHSA-h8hr-jhcx-fcv9
0233	1	2025-01-05T23:15Z	CVE-2025-0233	-	https://github.com/1074923869/CVE/issues/1
0232	1	2025-01-05T22:15Z	CVE-2025-0232	-	https://github.com/alc9700jmo/CVE/issues/7
0231	1	2025-01-05T22:15Z	CVE-2025-0231	-	https://github.com/gh464646/CVE/issues/1
0230	1	2025-01-05T21:15Z	CVE-2025-0230	-	https://github.com/Huandtx/cve/blob/main/cve/Responsive%20Hotel%20Site/sql1.md
0229	1	2025-01-05T20:15Z	CVE-2025-0229	-	https://github.com/Huandtx/cve/blob/main/cve/sql1.md
0223	1	2025-01-05T16:15Z	CVE-2025-0223	-	https://shareforall.notion.site/IOBit-Uninstaller-IURegistryFilter-0x8001E000-NPD-DOS-15260437bb1e80e482e0e3c9b22b58d0
0222	1	2025-01-05T16:15Z	CVE-2025-0222	-	https://shareforall.notion.site/IOBit-Uninstaller-IUProcessFilter-0x8001E000-NPD-DOS-15260437bb1e809c81bbc484c53b17bc
0221	1	2025-01-05T15:15Z	CVE-2025-0221	-	https://shareforall.notion.site/IOBit-Protected-Folder-pffilter-0x22200C-NPD-DOS-15260437bb1e80b2a477d42396d5d06c
0213	1	2025-01-04T17:15Z	CVE-2025-0213	-	https://github.com/shaturo1337/POCs/blob/main/Remote%20Code%20Execution%20via%20Arbitrary%20File%20Upload%20in%20Project%20Management%20System.md
0212	1	2025-01-04T16:15Z	CVE-2025-0212	-	https://github.com/shaturo1337/POCs/blob/main/SQL%20Injection%20in%20Student%20Grading%20System.md
0211	1	2025-01-04T15:15Z	CVE-2025-0211	-	https://github.com/shaturo1337/POCs/blob/main/LFI%20in%20School%20Faculty%20Scheduling%20System.md
0210	1	2025-01-04T14:15Z	CVE-2025-0210	-	https://github.com/shaturo1337/POCs/blob/main/Blind%20SQL%20Injection%20in%20School%20Faculty%20Scheduling%20System.md
0208	1	2025-01-04T13:15Z	CVE-2025-0208	-	https://gist.github.com/th4s1s/24925a20d1f9336858dee1cbbb30c249
0207	1	2025-01-04T13:15Z	CVE-2025-0207	-	https://gist.github.com/th4s1s/d10dfaebae75c8dbe54ad83d63725d81
0206	1	2025-01-04T12:15Z	CVE-2025-0206	-	https://gist.github.com/th4s1s/955b71b20235dddf30689d4b85b4d271
0205	1	2025-01-04T09:15Z	CVE-2025-0205	-	https://gist.github.com/th4s1s/832bc65fadd7d49894f68a75f834c7f3
0204	1	2025-01-04T08:15Z	CVE-2025-0204	-	https://gist.github.com/th4s1s/6f0b3fcf85455238b4316d0fda7d489e
0203	1	2025-01-04T07:15Z	CVE-2025-0203	-	https://gist.github.com/th4s1s/e8488d7e35d789581979f3b7e4c48b1f
0173	1	2025-01-02T18:15Z	CVE-2025-0173	-	https://github.com/listlonely/cve/blob/main/sql.md
